{
    "dist_gap_mean": 5.9273379999866,
    "dist_gap_std": 2.471477353095,
    "time_gap_mean": 273.22975292259736,
    "time_gap_std": 717.5542593619709,
    "lngs_mean": 106.39431156666666,
    "lngs_std":  0.06540195880103691,
    "lats_mean": 38.415134855,
    "lats_std": 0.08673265357470158,
    "dist_mean": 29.636690000005864,
    "dist_std": 1,
    "time_mean":  1366.1487646129779,
    "time_std": 1602.0938382640356,
    "train_set": ["train_4"],
    "eval_set": ["test_4"],
    "test_set": ["test_4"]
}